<?xml version="1.0" encoding="UTF-8"?>
<root>
<!-- LINT.IfChange(AssetPackStorageMethod) -->
    <item name="com.google.android.play.core.assetpacks.model.AssetPackStorageMethod">
        <annotation name="androidx.annotation.IntDef">
            <val name="value" val=
"{
com.google.android.play.core.assetpacks.model.AssetPackStorageMethod.STORAGE_FILES,
com.google.android.play.core.assetpacks.model.AssetPackStorageMethod.APK_ASSETS
}"
            />
        </annotation>
    </item>
<!-- LINT.ThenChange(//depot/google3/java/com/google/android/apps/play/store/sdk/playcore/src/main/java/com/google/android/play/core/assetpacks/model/AssetPackStorageMethod.java:AssetPackStorageMethod) -->
<!-- LINT.IfChange(AssetPackErrorCode) -->
    <item name="com.google.android.play.core.assetpacks.model.AssetPackErrorCode">
        <annotation name="androidx.annotation.IntDef">
            <val name="value" val=
"{
com.google.android.play.core.assetpacks.model.AssetPackErrorCode.NO_ERROR,
com.google.android.play.core.assetpacks.model.AssetPackErrorCode.APP_UNAVAILABLE,
com.google.android.play.core.assetpacks.model.AssetPackErrorCode.PACK_UNAVAILABLE,
com.google.android.play.core.assetpacks.model.AssetPackErrorCode.INVALID_REQUEST,
com.google.android.play.core.assetpacks.model.AssetPackErrorCode.DOWNLOAD_NOT_FOUND,
com.google.android.play.core.assetpacks.model.AssetPackErrorCode.API_NOT_AVAILABLE,
com.google.android.play.core.assetpacks.model.AssetPackErrorCode.ACCESS_DENIED,
com.google.android.play.core.assetpacks.model.AssetPackErrorCode.NETWORK_ERROR,
com.google.android.play.core.assetpacks.model.AssetPackErrorCode.INSUFFICIENT_STORAGE,
com.google.android.play.core.assetpacks.model.AssetPackErrorCode.PLAY_STORE_NOT_FOUND,
com.google.android.play.core.assetpacks.model.AssetPackErrorCode.NETWORK_UNRESTRICTED,
com.google.android.play.core.assetpacks.model.AssetPackErrorCode.INTERNAL_ERROR
}"
            />
        </annotation>
    </item>
<!-- LINT.ThenChange(//depot/google3/java/com/google/android/apps/play/store/sdk/playcore/src/main/java/com/google/android/play/core/assetpacks/model/AssetPackErrorCode.java:AssetPackErrorCode) -->
<!-- LINT.IfChange(AssetPackStatus) -->
    <item name="com.google.android.play.core.assetpacks.model.AssetPackStatus">
        <annotation name="androidx.annotation.IntDef">
            <val name="value" val=
"{
com.google.android.play.core.assetpacks.model.AssetPackStatus.UNKNOWN,
com.google.android.play.core.assetpacks.model.AssetPackStatus.NOT_INSTALLED,
com.google.android.play.core.assetpacks.model.AssetPackStatus.PENDING,
com.google.android.play.core.assetpacks.model.AssetPackStatus.DOWNLOADING,
com.google.android.play.core.assetpacks.model.AssetPackStatus.TRANSFERRING,
com.google.android.play.core.assetpacks.model.AssetPackStatus.COMPLETED,
com.google.android.play.core.assetpacks.model.AssetPackStatus.FAILED,
com.google.android.play.core.assetpacks.model.AssetPackStatus.CANCELED,
com.google.android.play.core.assetpacks.model.AssetPackStatus.WAITING_FOR_WIFI
}"
            />
        </annotation>
    </item>
<!-- LINT.ThenChange(//depot/google3/java/com/google/android/apps/play/store/sdk/playcore/src/main/java/com/google/android/play/core/assetpacks/model/AssetPackStatus.java:AssetPackStatus) -->
</root>
