<?xml version="1.0" encoding="UTF-8"?>
<root>
<!-- LINT.IfChange(AppUpdateType) -->
    <item name="com.google.android.play.core.install.model.AppUpdateType">
        <annotation name="androidx.annotation.IntDef">
            <val name="value" val=
"{
com.google.android.play.core.install.model.AppUpdateType.FLEXIBLE,
com.google.android.play.core.install.model.AppUpdateType.IMMEDIATE
}"
            />
        </annotation>
    </item>
<!-- LINT.ThenChange(//depot/google3/java/com/google/android/apps/play/store/sdk/playcore/src/main/java/com/google/android/play/core/install/model/AppUpdateType.java:AppUpdateType) -->
<!-- LINT.IfChange(InstallErrorCode) -->
    <item name="com.google.android.play.core.install.model.InstallErrorCode">
        <annotation name="androidx.annotation.IntDef">
            <val name="value" val=
"{
com.google.android.play.core.install.model.InstallErrorCode.NO_ERROR,
com.google.android.play.core.install.model.InstallErrorCode.NO_ERROR_PARTIALLY_ALLOWED,
com.google.android.play.core.install.model.InstallErrorCode.ERROR_UNKNOWN,
com.google.android.play.core.install.model.InstallErrorCode.ERROR_API_NOT_AVAILABLE,
com.google.android.play.core.install.model.InstallErrorCode.ERROR_INVALID_REQUEST,
com.google.android.play.core.install.model.InstallErrorCode.ERROR_INSTALL_UNAVAILABLE,
com.google.android.play.core.install.model.InstallErrorCode.ERROR_INSTALL_NOT_ALLOWED,
com.google.android.play.core.install.model.InstallErrorCode.ERROR_DOWNLOAD_NOT_PRESENT,
com.google.android.play.core.install.model.InstallErrorCode.ERROR_INSTALL_IN_PROGRESS,
com.google.android.play.core.install.model.InstallErrorCode.ERROR_INTERNAL_ERROR
com.google.android.play.core.install.model.InstallErrorCode.ERROR_PLAY_STORE_NOT_FOUND
}"
            />
        </annotation>
    </item>
<!-- LINT.ThenChange(//depot/google3/java/com/google/android/apps/play/store/sdk/playcore/src/main/java/com/google/android/play/core/install/model/InstallErrorCode.java:InstallErrorCode) -->
<!-- LINT.IfChange(InstallStatus) -->
    <item name="com.google.android.play.core.install.model.InstallStatus">
        <annotation name="androidx.annotation.IntDef">
            <val name="value" val=
"{
com.google.android.play.core.install.model.InstallStatus.UNKNOWN,
com.google.android.play.core.install.model.InstallStatus.REQUIRES_UI_INTENT,
com.google.android.play.core.install.model.InstallStatus.PENDING,
com.google.android.play.core.install.model.InstallStatus.DOWNLOADING,
com.google.android.play.core.install.model.InstallStatus.DOWNLOADED,
com.google.android.play.core.install.model.InstallStatus.INSTALLING,
com.google.android.play.core.install.model.InstallStatus.INSTALLED,
com.google.android.play.core.install.model.InstallStatus.FAILED,
com.google.android.play.core.install.model.InstallStatus.CANCELED
}"
            />
        </annotation>
    </item>
<!-- LINT.ThenChange(//depot/google3/java/com/google/android/apps/play/store/sdk/playcore/src/main/java/com/google/android/play/core/install/model/InstallStatus.java:InstallStatus) -->
<!-- LINT.IfChange(UpdateAvailability) -->
    <item name="com.google.android.play.core.install.model.UpdateAvailability">
        <annotation name="androidx.annotation.IntDef">
            <val name="value" val=
"{
com.google.android.play.core.install.model.UpdateAvailability.UNKNOWN,
com.google.android.play.core.install.model.UpdateAvailability.UPDATE_NOT_AVAILABLE,
com.google.android.play.core.install.model.UpdateAvailability.UPDATE_AVAILABLE,
com.google.android.play.core.install.model.UpdateAvailability.DEVELOPER_TRIGGERED_UPDATE_IN_PROGRESS
}"
            />
        </annotation>
    </item>
<!-- LINT.ThenChange(//depot/google3/java/com/google/android/apps/play/store/sdk/playcore/src/main/java/com/google/android/play/core/install/model/UpdateAvailability.java:UpdateAvailability) -->
</root>
