<?xml version="1.0" encoding="UTF-8"?>
<root>
<!-- LINT.IfChange(SplitInstallErrorCode) -->
    <item name="com.google.android.play.core.splitinstall.model.SplitInstallErrorCode">
        <annotation name="androidx.annotation.IntDef">
            <val name="value" val=
"{
com.google.android.play.core.splitinstall.model.SplitInstallErrorCode.NO_ERROR,
com.google.android.play.core.splitinstall.model.SplitInstallErrorCode.ACTIVE_SESSIONS_LIMIT_EXCEEDED,
com.google.android.play.core.splitinstall.model.SplitInstallErrorCode.MODULE_UNAVAILABLE,
com.google.android.play.core.splitinstall.model.SplitInstallErrorCode.INVALID_REQUEST,
com.google.android.play.core.splitinstall.model.SplitInstallErrorCode.SESSION_NOT_FOUND,
com.google.android.play.core.splitinstall.model.SplitInstallErrorCode.API_NOT_AVAILABLE,
com.google.android.play.core.splitinstall.model.SplitInstallErrorCode.ACCESS_DENIED,
com.google.android.play.core.splitinstall.model.SplitInstallErrorCode.NETWORK_ERROR,
com.google.android.play.core.splitinstall.model.SplitInstallErrorCode.INCOMPATIBLE_WITH_EXISTING_SESSION,
com.google.android.play.core.splitinstall.model.SplitInstallErrorCode.SERVICE_DIED,
com.google.android.play.core.splitinstall.model.SplitInstallErrorCode.INSUFFICIENT_STORAGE,
com.google.android.play.core.splitinstall.model.SplitInstallErrorCode.SPLITCOMPAT_VERIFICATION_ERROR,
com.google.android.play.core.splitinstall.model.SplitInstallErrorCode.SPLITCOMPAT_EMULATION_ERROR,
com.google.android.play.core.splitinstall.model.SplitInstallErrorCode.SPLITCOMPAT_COPY_ERROR,
com.google.android.play.core.splitinstall.model.SplitInstallErrorCode.INTERNAL_ERROR
com.google.android.play.core.splitinstall.model.SplitInstallErrorCode.PLAY_STORE_NOT_FOUND
}"
            />
        </annotation>
    </item>
<!-- LINT.ThenChange(//depot/google3/java/com/google/android/apps/play/store/sdk/playcore/src/main/java/com/google/android/play/core/splitinstall/model/SplitInstallErrorCode.java:SplitInstallErrorCode) -->
<!-- LINT.IfChange(SplitInstallSessionStatus) -->
    <item name="com.google.android.play.core.splitinstall.model.SplitInstallSessionStatus">
        <annotation name="androidx.annotation.IntDef">
            <val name="value" val=
"{
com.google.android.play.core.splitinstall.model.SplitInstallSessionStatus.UNKNOWN,
com.google.android.play.core.splitinstall.model.SplitInstallSessionStatus.PENDING,
com.google.android.play.core.splitinstall.model.SplitInstallSessionStatus.REQUIRES_USER_CONFIRMATION,
com.google.android.play.core.splitinstall.model.SplitInstallSessionStatus.DOWNLOADING,
com.google.android.play.core.splitinstall.model.SplitInstallSessionStatus.DOWNLOADED,
com.google.android.play.core.splitinstall.model.SplitInstallSessionStatus.INSTALLING,
com.google.android.play.core.splitinstall.model.SplitInstallSessionStatus.INSTALLED,
com.google.android.play.core.splitinstall.model.SplitInstallSessionStatus.FAILED,
com.google.android.play.core.splitinstall.model.SplitInstallSessionStatus.CANCELING,
com.google.android.play.core.splitinstall.model.SplitInstallSessionStatus.CANCELED
}"
            />
        </annotation>
    </item>
<!-- LINT.ThenChange(//depot/google3/java/com/google/android/apps/play/store/sdk/playcore/src/main/java/com/google/android/play/core/splitinstall/model/SplitInstallSessionStatus.java:SplitInstallSessionStatus) -->
</root>
